route,origin,destination,distance_km,rail_time_mins,air_time_mins,rail_fare_eur,air_fare_eur,cheap_flight,bus_included,info,air_co2_kg,rail_co2_kg,rail_co2_kg_efficient,air_time_hrs,rail_time_hrs,distance_category,distance_label,time_gap,price_gap
Helsinki-Tallinn,Helsinki,Tallinn,81.51,120,30.0,44,77.0,0.0,,,13.938210000000002,2.8528500000000006,0.40755,0.5,2.0,0-250,1,1.5,-33.0
Zagreb-Ljubljana,Zagreb,Ljubljana,116.88,153,,26,,0.0,,,19.98648,4.0908,0.5844,,2.55,0-250,1,,
Amsterdam-Brussels,Amsterdam,Munich,174.83,545,85.0,63,151.0,0.0,,,29.895930000000003,6.1190500000000005,0.8741500000000001,1.4166666666666667,9.083333333333334,0-250,1,7.666666666666667,-88.0
Belgrade-Sarajevo,Belgrade,Sarajevo,194.55,395,60.0,24,111.0,0.0,,,33.26805,6.80925,0.97275,1.0,6.583333333333333,0-250,1,5.583333333333333,-87.0
Budapest-Vienna,Budapest,Vienna,214.17,158,45.0,20,146.0,0.0,,,36.62307,7.49595,1.0708499999999999,0.75,2.6333333333333333,0-250,1,1.8833333333333333,-126.0
Zurich-Milan,Zurich,Milan,217.65,197,255.0,41,183.0,0.0,,no direct flight,37.21815,7.61775,1.08825,4.25,3.283333333333333,0-250,1,-0.9666666666666668,-142.0
Zurich-Geneva,Zurich,Geneva,233.87,203,50.0,63,151.0,0.0,,,39.99177,8.18545,1.16935,0.8333333333333334,3.3833333333333333,0-250,1,2.55,-88.0
Prague-Vienna,Prague,Vienna,252.56,252,50.0,15,126.0,0.0,,,43.187760000000004,8.8396,1.2628,0.8333333333333334,4.2,250-500,2,3.3666666666666667,-111.0
Krakow-Warsaw,Krakow,Warsaw,253.87,167,50.0,8,42.0,0.0,,,43.411770000000004,8.88545,1.26935,0.8333333333333334,2.783333333333333,250-500,2,1.9499999999999997,-34.0
Riga-Vilnius,Riga,Vilnius,261.46,246,50.0,19,50.0,1.0,,,44.70966,9.151099999999998,1.3073,0.8333333333333334,4.1,250-500,2,3.266666666666666,-31.0
Lisbon-Porto,Lisbon,Porto,275.33,160,50.0,50,44.0,1.0,,,47.08143,9.63655,1.37665,0.8333333333333334,2.6666666666666665,250-500,2,1.833333333333333,6.0
Riga-Tallinn,Riga,Tallinn,280.18,370,50.0,23,50.0,1.0,,,47.910779999999995,9.8063,1.4009,0.8333333333333334,6.166666666666667,250-500,2,5.333333333333334,-27.0
Thessaloniki-Athens,Thessaloniki,Athens,303.48,308,55.0,29,50.0,1.0,,,51.89508,10.6218,1.5174,0.9166666666666666,5.133333333333334,250-500,2,4.216666666666667,-21.0
Oslo-Bergen,Oslo,Bergen,303.76,409,135.0,110,241.0,0.0,,,51.94296,10.6316,1.5188,2.25,6.816666666666666,250-500,2,4.566666666666666,-131.0
Madrid-Bilbao,Madrid,Bilbao,322.31,287,60.0,34,54.0,1.0,,,55.115010000000005,11.280850000000001,1.61155,1.0,4.783333333333333,250-500,2,3.783333333333333,-20.0
London-Paris,London,Paris,342.74,148,70.0,94,79.0,0.0,,,58.60854,11.995899999999999,1.7137,1.1666666666666667,2.466666666666667,250-500,2,1.3,15.0
Berlin-Copenhagen,Berlin,Copenhagen,354.79,513,65.0,72,43.0,1.0,,,60.669090000000004,12.417650000000002,1.7739500000000001,1.0833333333333333,8.55,250-500,2,7.466666666666668,29.0
Munich-Vienna,Munich,Vienna,355.41,260,65.0,25,140.0,0.0,,,60.775110000000005,12.439350000000001,1.7770500000000002,1.0833333333333333,4.333333333333333,250-500,2,3.25,-115.0
London-Amsterdam,London,Amsterdam,357.29,244,80.0,69,78.0,0.0,,,61.096590000000006,12.505150000000002,1.78645,1.3333333333333333,4.066666666666666,250-500,2,2.7333333333333334,-9.0
Rome-Bari,Rome,Bari,374.28,280,70.0,25,28.0,1.0,,,64.00188,13.0998,1.8714,1.1666666666666667,4.666666666666667,250-500,2,3.5,-3.0
Madrid-Seville,Madrid,Seville,391.49,115,60.0,9,31.0,0.0,,,66.94479000000001,13.70215,1.9574500000000001,1.0,1.9166666666666667,250-500,2,0.9166666666666667,-22.0
Frankfurt-Hamburg,Frankfurt,Hamburg,393.3,223,65.0,29,103.0,0.0,,,67.2543,13.7655,1.9665,1.0833333333333333,3.716666666666667,250-500,2,2.6333333333333337,-74.0
Stockholm-Oslo,Stockholm,Oslo,416.73,360,65.0,45,62.0,1.0,,,71.26083,14.585550000000001,2.08365,1.0833333333333333,6.0,250-500,2,4.916666666666667,-17.0
Frankfurt-Paris,Frankfurt,Paris,477.79,223,80.0,63,81.0,0.0,,,81.70209,16.72265,2.3889500000000004,1.3333333333333333,3.716666666666667,250-500,2,2.3833333333333337,-18.0
Rome-Milan,Rome,Milan,477.97,190,70.0,40,53.0,1.0,,,81.73287,16.72895,2.3898500000000005,1.1666666666666667,3.1666666666666665,250-500,2,1.9999999999999998,-13.0
Cologne-London,Cologne,London,497.22,318,80.0,124,39.0,0.0,,,85.02462000000001,17.4027,2.4861000000000004,1.3333333333333333,5.3,250-500,2,3.966666666666667,85.0
Lisbon-Madrid,Lisbon,Madrid,503.11,762,75.0,83,36.0,1.0,,,86.03181,17.608850000000004,2.51555,1.25,12.7,500-750,3,11.45,47.0
Sofia-Istanbul,Sofia,Istanbul,503.77,740,75.0,44,69.0,1.0,,,86.14467,17.63195,2.51885,1.25,12.333333333333334,500-750,3,11.083333333333334,-25.0
Berlin-Munich,Berlin,Munich,504.5,268,70.0,38,96.0,0.0,,,86.2695,17.6575,2.5225,1.1666666666666667,4.466666666666667,500-750,3,3.3,-58.0
Madrid-Barcelona,Madrid,Barcelona,504.93,400,75.0,25,69.0,0.0,,,86.34303,17.672549999999998,2.5246500000000003,1.25,6.666666666666667,500-750,3,5.416666666666667,-44.0
Berlin-Warsaw,Berlin,Warsaw,516.42,316,70.0,36,202.0,0.0,,,88.30781999999999,18.074699999999996,2.5821,1.1666666666666667,5.266666666666667,500-750,3,4.1,-166.0
Stockholm-Copenhagen,Stockholm,Copenhagen,522.27,361,70.0,88,77.0,0.0,,,89.30817,18.27945,2.61135,1.1666666666666667,6.016666666666667,500-750,3,4.85,11.0
Vienna-Berlin,Vienna,Berlin,523.58,535,70.0,59,241.0,0.0,,,89.53218000000001,18.325300000000002,2.6179,1.1666666666666667,8.916666666666666,500-750,3,7.749999999999999,-182.0
Edinburgh-London,Edinburgh,London,534.11,267,85.0,160,78.0,0.0,,,91.33281,18.69385,2.67055,1.4166666666666667,4.45,500-750,3,3.033333333333333,82.0
Rome-Catania,Rome,Catania,535.95,583,80.0,41,35.0,1.0,,,91.64745,18.75825,2.67975,1.3333333333333333,9.716666666666667,500-750,3,8.383333333333333,6.0
Vienna-Zurich,Vienna,Zurich,592.45,540,80.0,53,387.0,0.0,,,101.30895000000001,20.73575,2.96225,1.3333333333333333,9.0,500-750,3,7.666666666666667,-334.0
Budapest-Bucharest,Budapest,Bucharest,642.93,867,105.0,40,112.0,0.0,,,109.94102999999998,22.50255,3.21465,1.75,14.45,500-750,3,12.7,-72.0
Paris-Nice,Paris,Nice,686.01,350,95.0,121,52.0,1.0,,,117.30770999999999,24.01035,3.43005,1.5833333333333333,5.833333333333333,500-750,3,4.25,69.0
Munich-Rome,Munich,Rome,698.5,583,100.0,70,50.0,1.0,,,119.4435,24.4475,3.4925,1.6666666666666667,9.716666666666667,500-750,3,8.05,20.0
Athens-Bucharest,Athens,Bucharest,745.02,888,80.0,67,104.0,0.0,1.0,,127.39842,26.0757,3.7251,1.3333333333333333,14.8,500-750,3,13.466666666666667,-37.0
Belgrade-Warsow,Belgrade,Warsaw,826.04,915,95.0,40,98.0,0.0,,,141.25284,28.911399999999997,4.130199999999999,1.5833333333333333,15.25,750-1000,4,13.666666666666666,-58.0
Paris-Barcelona,Paris,Barcelona,830.63,589,115.0,184,111.0,0.0,,,142.03773,29.07205,4.153149999999999,1.9166666666666667,9.816666666666666,750-1000,4,7.8999999999999995,73.0
Zurich-Barcelona,Zurich,Barcelona,835.12,870,110.0,355,149.0,1.0,,,142.80552,29.229200000000002,4.1756,1.8333333333333333,14.5,750-1000,4,12.666666666666666,206.0
Munich-Barcelona,Munich,Barcelona,1054.7,1350,130.0,75,114.0,0.0,,,180.3537,36.9145,5.2735,2.1666666666666665,22.5,1000-1250,4,20.333333333333332,-39.0
Rome-Paris,Rome,Paris,1106.27,600,130.0,150,124.0,0.0,,,189.17217,38.719449999999995,5.531350000000001,2.1666666666666665,10.0,1000-1250,4,7.833333333333334,26.0
Paris-Warsaw,Paris,Warsaw,1366.47,944,140.0,310,172.0,0.0,,,233.66637,47.82645,6.83235,2.3333333333333335,15.733333333333333,1250-1500,4,13.399999999999999,138.0
Lisbon-Berlin,Lisbon,Berlin,2313.77,2400,205.0,143,75.0,1.0,,,395.65467,80.98195,11.568850000000001,3.4166666666666665,40.0,2000+,4,36.583333333333336,68.0
